<?xml version="1.0" encoding="UTF-8" ?>
<!DOCTYPE mapper PUBLIC "-//mybatis.org//DTD Mapper 3.0//EN" "http://mybatis.org/dtd/mybatis-3-mapper.dtd" >
<mapper namespace="com.ling.shop.dao.IBackManageDao" >
<!--    查询所有用户-->
<select id="findAllUsers" resultType="User">
    select id,username as userName,password,create_time as createTime,
    login_time as loginTime,phone_num as phoneNum,update_time as updateTime,is_deleted as isDeleted from user
</select>
<!--    更新用户的状态-->
   <update id="updateUserIsDeleted">
       update user set is_deleted = #{isDeleted},update_time =now()  where id=#{id}
   </update>
<!--    查询所有商品-->
<select id="getAllpros" resultType="Products">
    select id,title,display_price as displayPrice,
        brind,attr_list as attrList,state,create_time as createTime,products_num as productsNum,
        update_time as updateTime,category_id as categoryId,picture_id as pictureId
         from products where is_deleted = 0
</select>
<!--    增加分类-->
    <insert id="addCategory" >
        insert into cgtype (cgtype_name,create_time,update_time,is_deleted) values(#{categoryName},now(),now(),0)
    </insert>
<!--    删除分类-->
    <update id="isDeletedCate">
        update  cgtype set is_deleted =1,update_time = now() where id=#{id}
    </update>
<!--    查询所有图片-->
    <select id="getAllpics" resultType="Picture">
        select id,dis_pic as disPic,det_a as detA,det_b as detB, det_c as detC,
        create_time as createTime,update_time as updateTime,is_deleted as isDeleted from picture where is_deleted=0
    </select>
<!--    添加商品-->
   <insert id="addPros" parameterType="Products">
       insert into products (title,display_price,category_id,brind,attr_list,state,create_time,update_time,products_num,
       picture_id,is_deleted) values (#{title},#{displayPrice},#{categoryId},#{brind},#{attrList},
       #{state},now(),now(),#{productsNum},#{pictureId},0)
   </insert>
<!--    删除商品-->
    <update id="prosIsDeleted">
        update products set is_deleted =1 ,update_time=now() where id=#{id}
    </update>
<!--    修改商品-->
    <update id="updatePros" parameterType="Products">
        update products set title=#{title},display_price=#{displayPrice},brind=#{brind},attr_list=#{attrList},
        state=#{state},category_id=#{categoryId},picture_id=#{pictureId} ,update_time=now() where id=#{id}
    </update>
<!--    获取相关库存-->
    <select id="getProduct" resultType="Product">
            select id,products_id as productsId,product_index as productIndex,own_spec as ownSpec,create_time as createTime,
            update_time as updateTime ,price,stock,is_deleted as isDeleted from product where is_deleted = 0 and products_id = #{productsId}
    </select>
<!--    增加product-->
    <insert id ="addProduct" parameterType="Product">
        insert into product (product_index,own_spec,stock,price,products_id,create_time,update_time,is_deleted)
        values(#{productIndex},#{ownSpec},#{stock},#{price},#{productsId},now(),now(),0)

    </insert>
<!--    删除product-->
    <update id="proIsDeleted">
        update product set is_deleted = 1,update_time = now() where id = #{id}
    </update>
<!--    修改product-->
    <update id="updatePro" parameterType="Product">
        update product set stock =#{stock},price=#{price} where id=#{id}
    </update>
<!--    增加图片-->
    <insert id="addPic" parameterType="Picture">
        insert into picture (dis_pic,det_a,det_b,det_c,create_time,update_time,is_deleted) values (#{disPic},#{detA},#{detB},#{detC},now(),now(),0)
    </insert>
<!--    删除图片-->
    <update id="picIsDeleted">
        update picture set is_deleted=1 ,update_time=now() where id=#{id}
    </update>
<!--    查询所有订单-->
    <select id="queryBackAllOrders" resultType="BackOrderVo">
            select us.username as userName, ord.id,ord.order_num as orderNum,ord.total_price as totalPrice,ord.num,ord.update_time as updateTime,
        ord.create_time as createTime,ord.state,pros.title as title,pros.id as productsId,pro.price as price,pro.own_spec as ownSpec,re.address,re.rec_name as recName,
        re.phone_num as phoneNum from orders ord
       left join  receiver re on re.id = ord.receive_id
       left join user us on us.id = re.user_id
        left join product pro on ord.product_id = pro.id
				left join products pros on pro.products_id = pros.id
				where ord.is_deleted = 0
			order by ord.state
    </select>
<!--    发货-->
    <update id="deliverGoods">
        update orders set state = 1,update_time =now() where id =#{id}
    </update>
<!--    查询所有评论-->
    <select id="queryBackAllComments" resultType="CommentVo">
          select co.id,co.com_content as comContent,co.create_time as createTime ,us.username,pros.id as productsId,
        pros.title as title,co.update_time as updateTime
        from comment co
        left join user us on us.id = co.user_id
        left join products pros on pros.id = co.products_id
        where co.is_deleted =0
        order by co.create_time
    </select>
<!--    删除评论-->
    <update id="commentIsDeleted">
        update comment set is_deleted =1 where id =#{id}
    </update>
</mapper>
