<?xml version="1.0" encoding="UTF-8" ?>
<!DOCTYPE mapper PUBLIC "-//mybatis.org//DTD Mapper 3.0//EN" "http://mybatis.org/dtd/mybatis-3-mapper.dtd" >
<mapper namespace="com.ling.shop.dao.IPersonalMsgDao" >
<!--    查询所有收货-->
    <select id="queryAllReceivers" resultType="Receiver">
        select re.id, re.address,re.rec_name as recName,re.phone_num as phoneNum,re.user_id as userId,re.create_time as createTime,re.update_time as updateTime,re.is_deleted as isDeleted from receiver re
        left join user us on us.id = re.user_id
        where us.id = #{userId} and re.is_deleted =0
    </select>
<!--    增加收货信息-->
    <insert id = "addReceiver" parameterType="com.ling.shop.pojo.dto.AddReceiverDto">
        insert into receiver (address,rec_name,phone_num,create_time,update_time,is_deleted,user_id)
        values(#{address},#{recName},#{phoneNum},now(),now(),0,#{userId})
    </insert>
<!--    删除收货-->
    <update id="recIsDeleted">
        update receiver set is_deleted =1,update_time = now() where id = #{id}
    </update>
<!--    修改收货-->
    <update id="updateRec" parameterType="com.ling.shop.pojo.po.Receiver">
            update receiver set address = #{address},rec_name =#{recName},phone_num =#{phoneNum},update_time =now() where id =#{id}
    </update>
<!--   根据userId 查询所有订单-->
    <select id="queryAllOrders" resultType="PerMsgOrderVo">
            select  ord.id,ord.order_num as orderNum,ord.total_price as totalPrice,ord.num,
        ord.create_time as createTime,ord.state,pros.title as title,pros.id as productsId,pro.price as price,pro.own_spec as ownSpec,re.address,re.rec_name as recName,
        re.phone_num as phoneNum from orders ord
       left join  receiver re on re.id = ord.receive_id
       left join user us on us.id = re.user_id
        left join product pro on ord.product_id = pro.id
				left join products pros on pro.products_id = pros.id
				where us.id = #{userId} and ord.is_deleted = 0
			order by ord.create_time desc
    </select>
<!--    确认收货-->
    <update id="sureGoods">
        update orders set state = 2,update_time =now() where id=#{id}
    </update>

<!--    增加评论-->
    <insert id ="addComment">
        insert into Comment (com_content,user_id,products_id,create_time,update_time,is_deleted)
        values(#{comContent},#{userId},#{productsId},now(),now(),0)
    </insert>
<!--    根据userId 查询所有评论-->
   <select id="queryCommentsByUserId" resultType="CommentVo">
        select co.id,co.com_content as comContent,co.create_time as createTime ,us.username,pros.id as productsId,
        pros.title as title
        from comment co
        left join user us on us.id = co.user_id
        left join products pros on pros.id = co.products_id
        where co.user_id = #{userId} and co.is_deleted =0
   </select>
<!--根据productsId 查询商品-->
    <select id ="perMsgProducts" resultType="Products">
        select id,title from products where id = #{productsId}
    </select>

</mapper>