<?xml version="1.0" encoding="UTF-8" ?>
<!DOCTYPE mapper PUBLIC "-//mybatis.org//DTD Mapper 3.0//EN" "http://mybatis.org/dtd/mybatis-3-mapper.dtd" >
<mapper namespace="com.ling.shop.dao.IProductsDao" >
<select id="queryData" parameterType="com.ling.shop.pojo.dto.ParamCategoryDto" resultType="ProductsDataVo">
    select
    pros.id as id,
    pros.title as title,
    pros.display_price as displayPrice,
    pi.dis_pic as disPic
    from products pros
    left join cgtype cg on cg.id = pros.category_id
    left join picture pi on pros.picture_id = pi.id
    where state =1 and pros.is_deleted =0
        <if test="categoryId!=null">
            and cg.id = #{categoryId}
        </if>
    <choose>
        <when test="priSort==0">
            order by displayPrice asc
        </when>
        <when test="priSort==1">
            order by displayPrice desc
        </when>
    </choose>
</select>



<!--    搜索功能-->
    <select id="searchData" parameterType="com.ling.shop.pojo.dto.ParamCategoryDto" resultType="ProductsDataVo">
        select
         pros.id as id,
    pros.title as title,
    pros.display_price as displayPrice,
    pros.state as state,
    pi.dis_pic as disPic
        from products pros
        left join picture pi on pros.picture_id = pi.id
        where title like #{search} and pros.is_deleted=0
        <choose>
            <when test="priSort==0">
                order by displayPrice asc
            </when>
            <when test="priSort==1">
                order by displayPrice desc
            </when>
        </choose>
    </select>
<!--商品详情页-->
    <select id="queryByProductsId" resultType="ProductsDetailsVo">
         select
         pros.id as productsId,
         pros.title as title,
         pros.display_price as price,
         pros.attr_list as attrList,
         pros.brind as brind,
         pros.products_num as productsNum,
         pic.det_a as detA,
         pic.det_b as detB,
         pic.det_c as detC,
         SUM(pro.stock) as allStock
        from products pros
        left join picture pic
        on pros.picture_id = pic.id
        left join product pro
        on pros.id = pro.products_id
        where pros.state =1 AND pros.id = #{productsId}
        group by pros.id
    </select>
<!--获取库存-->
    <select id="getStock" resultType="ProductVo">
        select stock,
         pro.id as productId,
         pro.price as price
         from product pro
        left join products pros
        on pros.id = pro.products_id
        where pros.id = #{productsId} and pro.product_index = #{productIndex} and pro.is_deleted=0;
    </select>
<!--获取所有分类-->
    <select id="getCategory"  resultType="Cgtype">
        select id,cgtype_name as cgtypeName,create_time as createTime,update_time as
        updateTime from cgtype where is_deleted = 0
    </select>
<!--    根据productsId 查询评论-->
    <select id="commentByProsId" resultType="ProductsComVo">
             select co.com_content as comContent,co.create_time as createTime ,us.username
        from comment co
        left join user us on us.id = co.user_id
        left join products pros on pros.id = co.products_id
        where co.is_deleted =0 and pros.id = #{productsId}
        order by co.create_time
    </select>
</mapper>